1BA685P9FNUKKVLO,1973-10-06,Evia,Irvin,pearle31674@appropriations.com
SCSONDJQ5QS7G76Y,1987-10-06,Doria,Crockett,dalia-harp73247@gmail.com
LDM8BQ7ZC3QKUU7G,1999-04-02,Jeffry,Layman,scottie.lewandowski@cape.com
29L8XHIOIA5MPOGG,2021-10-03,Christel,Light,maritza.earls@gmail.com
A4UTBZ49EKLAA60O,2017-06-13,Kelsi,Martell,zona.burgess81@cowboy.com
SCQUF3QQMUALQVXB,1973-02-12,Shenna,Worley,kisha33197@yahoo.com
7NL21EBZLLF5CIZY,1991-11-20,Orval,Wiseman,eileen_hagen@myanmar.com
RUU48PNCVR9HLM24,1983-01-04,Kirsten,Sneed,fairy082@locks.com
6U6KRR0XKE6Y9A13,2015-12-13,Pearlene,Mcdougall,latesha-luong99215@hotmail.com
RZQTFZ5HPGB9E3FV,1992-02-11,Marcel,Laroche,dorsey-darden9@usb.com
RPUQPMG0LDEX8FBL,2018-10-17,Terry,Daughtry,jimmie3326@ron.com
TCYQV88MAVERTU6A,2013-01-20,Hailey,Kidwell,theressa.marquardt3424@hotmail.com
GNAXGGIIIA7OIU48,2002-03-03,Lana,Perdue,henrietta_jett6409@gmail.com
VA6MO166TN3MESDB,2019-12-07,Teddy,Poulin,lenablackburn440@trend.pixolino.com
89H1TAO9AH37XGAT,1973-03-29,Leonardo,Sprouse,carie.weldon@yahoo.com
IMPXPQ5D6ROQN9QK,1996-04-10,Berneice,Bettencourt,blanche.doll37477@debate.gov.sl
9LPJ54FBKQCBXFZ4,1990-08-30,Lucille,Putnam,margurite-feeney65@gmail.com
PO65NVMMR0NC7KJA,1992-10-09,Ned,Toney,minda-kohler@hostel.com
ZN76SP3MI6PLODIQ,2022-07-16,Major,Crouse,salliechalmers9892@yahoo.com
JHX6OYCN8YZQH65N,1978-02-20,Stacey,Jack,marcy_ainsworth8@gmail.com
6TLYA49SVY8CQK4V,1997-03-02,Nakia,Drury,roxanne.mcdonough-woodard@yahoo.com
T8CJ0GXNUJOZ59FL,2014-02-06,Margart,Partin,tanika03@gmail.com
4NVXGICM3RFCZPQM,2007-11-22,Jacquelyn,Blackman,alexandria-ricketts@gmail.com
QJ9J6Q64Y8655399,1981-06-29,Evita,Chin,roseline_fonseca@tsunami.umig.gov.pl
SKL7OQ0YS17I5LS7,2015-05-09,Natosha,Donato,dottie-tyson-large5@gmail.com
QO1QROFQBYSFQZDV,1974-07-04,Kellee,Mccue,lashawna-laird360@gmail.com
VJQTQCNLNCB0J24X,2009-12-12,Nilsa,Levi,dick-cornell3@hotmail.com
0YF2OSDXJHNK3GQL,2010-09-04,Shirlee,Tafoya,cameliabrim80902@templates.com
9NBHX0U07HZT5HMH,2013-03-30,Evie,Enright,sherry108@yahoo.com
99SKMGM5NNZ11UHJ,1973-05-15,Marisa,Fitts,nelle396@gmail.com